Local Council,Last Updated,Published,Submitted,Found Sound,Adopted
Adur District Council,Jan-18,Mar-16,Oct-16,Sep-17,Dec-17
Allerdale District Council,Jul-14,May-13,Oct-13,Jul-14,Jul-14
Amber Valley Borough Council,Mar-18,Nov-17,Mar-18,,
Arun District Council,Sep-18,Oct-14,Jan-15,Jul-18,Jul-18
Ashfield District Council,Oct-18,,,,
Ashford District Council,Dec-10,Oct-06,Nov-06,Jun-08,Jul-08
Ashford District Council,Mar-19,Jun-16,Dec-17,Jan-19,Feb-19
Aylesbury Vale District Council,Mar-18,Nov-17,Feb-18,,
Babergh District Council,Feb-14,Oct-11,Nov-12,Jan-14,Feb-14
"Barking & Dagenham, London Borough of",Dec-10,Nov-08,Jun-09,Feb-10,Jul-10
"Barnet, London Borough of",Sep-12,Sep-10,Aug-11,Jun-12,Sep-12
Barnsley Metropolitan Borough Council,Sep-11,Feb-10,Sep-10,May-11,Sep-11
Barnsley Metropolitan Borough Council,Feb-19,Jun-16,Dec-16,Dec-18,Jan-19
Barrow-in-Furness Borough Council,Apr-19,Dec-17,Feb-18,Mar-19,
Basildon District Council,Apr-19,Nov-18,Mar-19,,
Basingstoke and Deane Borough Council,Sep-16,Apr-14,Oct-14,Apr-16,May-16
Bassetlaw District Council,Dec-11,Nov-10,Jan-11,Nov-11,Dec-11
Bath & North East Somerset Council,Jul-14,Dec-10,May-11,Jun-14,Jul-14
Bath & North East Somerset Council (West of England JSP),May-18,Nov-17,Apr-18,,
Bedford Borough Council,Dec-10,Jul-06,Jul-06,Feb-08,Apr-08
Bedford Borough Council,Jan-19,Sep-18,Dec-18,,
"Bexley, London Borough of",Mar-12,Nov-10,May-11,Oct-11,Feb-12
Birmingham City Council,Mar-17,Jan-14,Jul-14,Mar-16,Jan-17
Blaby District Council,Feb-13,Jan-12,Jun-12,Feb-13,Feb-13
Blackburn with Darwen Borough Council,Jan-11,Nov-09,Apr-10,Oct-10,Jan-11
Blackpool Council,Mar-16,Jul-14,Dec-14,Nov-15,Jan-16
Bolsover District Council,Sep-18,May-18,Aug-18,,
Bolton Metropolitan Borough Council,Mar-11,Jan-10,May-10,Dec-10,Mar-11
Boston Borough Council (South East Lincs Local Plan),Apr-19,Apr-17,Jun-17,Jan-19,Mar-19
Bournemouth Borough Council,Nov-12,Aug-11,Nov-11,Aug-12,Oct-12
Bracknell Forest Borough Council,Dec-10,Nov-06,Nov-06,Nov-07,Feb-08
Bradford District Council,Jul-17,Feb-14,Dec-14,Aug-16,Jul-17
Braintree District Council,Sep-11,May-10,Jan-11,Jul-11,Sep-11
Braintree DC (Joint North Essex Local Plan part 1),Oct-17,Jun-17,Oct-17,,
Breckland District Council,Dec-10,Jan-09,Mar-09,Oct-09,Dec-09
Breckland District Council,Dec-17,Aug-17,Nov-17,,
"Brent, London Borough of",Dec-10,Jun-09,Sep-09,Apr-10,Jul-10
Brentwood Borough Council,Mar-19,Feb-19,,,
Brighton & Hove Council,May-16,Feb-13,Jun-13,Feb-16,Mar-16
Bristol City Council,Jul-11,Nov-09,Mar-10,Apr-11,Jun-11
Bristol City Council (West of England JSP),May-18,Nov-17,Apr-18,,
Broadland District Council,Mar-11,Nov-09,Mar-10,Feb-11,Mar-11
Broadland District Council (Revision),Nov-13,Aug-12,Feb-13,Nov-13,Jan-14
Broads Authority,Dec-10,Sep-06,Sep-06,Jul-07,Sep-07
Broads Authority,May-19,Nov-17,Mar-18,Apr-19,
"Bromley, London Borough of",Feb-19,Nov-16,Aug-17,Dec-18,Jan-19
Bromsgrove District Council,Feb-17,Sep-13,Mar-14,Dec-16,Jan-17
Broxbourne Borough Council,Apr-18,Nov-17,Mar-18,,
Broxtowe Borough Council,Sep-14,Jun-12,Jun-13,Jul-14,Sep-14
Burnley Borough Council,Sep-18,Apr-17,Jul-17,Jul-18,Jul-18
Bury Metropolitan Borough Council,Apr-15,,,,
Calderdale Metropolitan Borough Council,Feb-19,Aug-18,Jan-19,,
Cambridge City Council,Nov-18,Jul-13,Mar-14,Aug-18,Oct-18
"Camden, London Borough of",Dec-10,Oct-09,Jan-10,Aug-10,Nov-10
"Camden, London Borough of - Local Plan",Sep-17,Feb-16,Jun-16,May-17,Jul-17
Cannock Chase District Council,Jun-14,Feb-13,May-13,Feb-14,Jun-14
Canterbury City Council,Jul-17,Jun-14,Nov-14,Jun-17,Jul-17
Carlisle City Council,Dec-16,Mar-15,Jun-15,Jul-16,Nov-16
Castle Point District Council,Apr-17,,,,
Central Bedfordshire Council,Dec-10,Oct-08,Feb-09,Aug-09,Nov-09
Central Bedfordshire Council,May-18,Jan-18,Apr-18,,
Charnwood Borough Council,Dec-15,Jun-13,Dec-13,Sep-15,Nov-15
Chelmsford Borough Council,Dec-10,Nov-06,Nov-06,Feb-08,Feb-08
Chelmsford Borough Council (Review),Dec-13,Nov-12,Apr-13,Oct-13,Dec-13
Chelmsford Borough Council ,Jul-18,Jan-18,Jun-18,,
Cheltenham Borough Council,Jan-18,Jun-14,Nov-14,Oct-17,Dec-17
Cherwell District Council,Aug-15,Aug-12,Jan-14,Jun-15,Jul-15
Cherwell District Council Local Plan part 1 Review,Mar-18,Jul-17,Mar-18,,
Cheshire East Council,Aug-17,Mar-14,May-14,Jun-17,Jul-17
Cheshire West and Chester Council,Apr-15,Sep-13,Dec-13,Dec-14,Jan-15
Chesterfield Borough Council,Jun-13,Feb-12,Sep-12,Jun-13,Jul-13
Chesterfield Borough Council,Feb-19,Jan-19,,,
Chichester District Council,Aug-15,Nov-13,May-14,May-15,Jul-15
Chiltern District Council,Dec-11,Oct-10,Jan-11,Oct-11,Nov-11
Chorley Council,Jul-12,Dec-10,Mar-11,Jun-12,Jul-12
Christchurch Borough Council,May-14,Apr-12,Mar-13,Mar-14,Apr-14
City of London,Sep-11,Sep-10,Dec-10,Jun-11,Sep-11
City of London Review,Feb-15,Dec-13,May-14,Nov-14,Jan-15
Colchester Borough Council,Dec-10,Nov-07,Nov-07,Oct-08,Dec-08
Colchester Borough Council (Review),Jul-14,Aug-13,Oct-13,May-14,Jul-14
Colchester BC (Joint North Essex Local Plan part 1),Oct-17,Jun-17,Oct-17,,
Copeland District Council,Dec-13,Apr-12,Oct-12,Sep-13,Dec-13
Corby Borough Council,Dec-10,Feb-07,Feb-07,Apr-08,Jun-08
Corby Borough Council - First review,Aug-16,Jan-15,Jul-15,Jun-16,Jul-16
Cornwall Council,Dec-16,Mar-14,Feb-15,Sep-16,Nov-16
Cotswold District Council,Sep-18,Jun-16,Jul-17,Jun-18,Aug-18
Coventry City Council,Jan-18,Jan-16,Apr-16,Oct-17,Dec-17
Craven District Council,Apr-18,Jan-18,Mar-18,,
Crawley Borough Council,Dec-10,May-06,May-06,Aug-07,Nov-07
Crawley Borough Council - CS Review/Local Plan,Jan-16,Sep-14,Nov-14,Nov-15,Dec-15
"Croydon, London Borough of",Apr-13,Sep-11,Apr-12,Dec-12,Apr-13
"Croydon, London Borough of - Strategic Policies Partial Review",Mar-18,Sep-16,Feb-17,Jan-18,Feb-18
Dacorum Borough Council,Jul-13,Oct-11,Jun-12,Jul-13,Sep-13
Darlington Borough Council,Mar-11,Aug-10,Oct-10,Apr-11,May-11
Dartford Borough Council,Sep-11,Sep-10,Feb-11,Aug-11,Sep-11
Dartmoor National Park,Dec-10,Jun-07,Jun-07,Feb-08,Apr-08
Daventry Dictrict Council,Jan-15,Feb-11,Dec-12,Oct-14,Dec-14
Derby City Council,Feb-17,Aug-15,Dec-15,Dec-16,Jan-17
Derbyshire Dales District Council,Jan-18,Aug-16,Dec-16,Nov-17,Dec-17
Doncaster Metropolitan Borough Council,Jun-12,Mar-11,Jul-11,Mar-12,May-12
Dover District Council,Dec-10,Jan-09,Jun-09,Jan-10,Feb-10
Dudley Council,Mar-11,Nov-09,Feb-10,Oct-10,Feb-11
Durham Council,Feb-19,Jan-19,,,
"Ealing, London Borough of",Mar-12,Sep-10,Jul-11,Feb-12,Apr-12
East Cambridgeshire District Council,Dec-10,Apr-08,May-08,Aug-09,Oct-09
East Cambridgeshire District Council (Revision),May-15,Feb-13,Aug-13,Mar-15,Apr-15
East Cambridgeshire District Council ,,Nov-17,,,
East Devon District Council,Mar-16,Nov-12,Aug-13,Jan-16,Jan-16
East Dorset District Council,May-14,Apr-12,Mar-13,Mar-14,Apr-14
East Hampshire District Council,May-14,Feb-12,May-12,Apr-14,May-14
East Hertfordshire District Council,Nov-18,Nov-16,Mar-17,Jul-18,Oct-18
East Lindsey District Council,Aug-18,Nov-16,Apr-17,May-18,Jul-18
East Northamptonshire Council,Dec-10,Feb-07,Feb-07,Apr-08,Jun-08
East Northamptonshire Council - First review,Aug-16,Jan-15,Jul-15,Jun-16,Jul-16
East Riding of Yorkshire Council,May-16,Jan-14,Apr-14,Jan-16,Apr-16
East Staffordshire Borough Council,Oct-15,Oct-13,Apr-14,Oct-15,Oct-15
Eastbourne Borough Council,Feb-13,Sep-11,Jan-12,Nov-12,Feb-13
Eastleigh Borough Council,Nov-18,Jun-18,Oct-18,,
Eden District Council,Dec-10,Sep-08,Apr-09,Mar-10,Mar-10
Eden District Council - Local Plan 2014-2032,Nov-18,Oct-15,Dec-15,Aug-18,Oct-18
Elmbridge Borough Council,Jul-11,Jan-10,Mar-10,Jun-11,Jul-11
"Enfield, London Borough of",Dec-10,Dec-09,Mar-10,Sep-10,Nov-10
Epping Forest District Council,Oct-18,Dec-17,Sep-18,,
Epsom and Ewell Borough Council,Dec-10,Jun-06,Jul-06,May-07,Jul-07
Erewash Borough Council,Mar-14,Jun-12,Nov-12,Jan-14,Mar-14
Exeter City Council,Mar-12,Jul-10,Feb-11,Nov-11,Feb-12
Exmoor National Park,Jul-17,Jun-15,May-16,Jun-17,Jul-17
Fareham Borough Council,Sep-11,Dec-10,Feb-11,Jul-11,Aug-11
Fenland District Council,May-14,Feb-13,Sep-13,Apr-14,May-14
Folkestone & Hythe District Council,Jun-13,Jul-11,Jan-12,Jun-13,Sep-13
Folkestone & Hythe District Council - Core Strategy Review,Feb-19,Jan-19,,,
Forest Heath District Council,Dec-10,Mar-09,Aug-09,Apr-10,May-10
Forest Heath District Council - Core Strategy Single Issue Review,Apr-17,Jan-17,Mar-17,,
Forest of Dean District Council,Mar-12,Mar-11,Jul-11,Dec-11,Feb-12
Fylde Borough Council,Nov-18,Aug-16,Dec-16,Sep-18,Oct-18
Gateshead Metropolitan Borough Council,Apr-15,Sep-13,Feb-14,Feb-15,Mar-15
Gedling Borough Council,Sep-14,Jun-12,Jun-13,Jul-14,Sep-14
Gloucester City Council,Jan-18,Jun-14,Nov-14,Oct-17,Nov-17
Gosport Borough Council,Nov-15,Aug-14,Nov-14,Sep-15,Oct-15
Gravesham Borough Council,Sep-14,Dec-12,May-13,Jul-14,Sep-14
Great Yarmouth Borough Council,Feb-15,Sep-13,Mar-14,Nov-15,Dec-15
"Greenwich, Royal Borough of",May-14,Feb-13,Sep-13,May-14,Jul-14
Guildford Borough Council,May-19,Jun-16,Dec-17,Mar-19,Apr-19
"Hackney , London Borough of",Dec-10,Jun-09,Feb-10,Sep-10,Nov-10
"Hackney , London Borough of - Local Plan 2033",Feb-19,Nov-18,Jan-19,,
Halton Borough Council,Dec-12,Nov-10,Sep-11,Oct-12,Dec-12
Hambleton District Council,Dec-10,Feb-06,Feb-06,Feb-07,Apr-07
"Hammersmith & Fulham, London Borough of",Dec-11,Sep-10,Jan-11,Jul-11,Oct-11
"Hammersmith & Fulham, London Borough of",Mar-18,Sep-16,Feb-17,Dec-17,Feb-18
Harborough District Council,Dec-11,Oct-10,Apr-11,Nov-11,Nov-11
Harborough District Council,May-19,Sep-17,Mar-18,Apr-19,Apr-19
"Haringey, London Borough of",Mar-13,May-10,Mar-11,Dec-12,Mar-13
"Haringey, London Borough of, Alterations to Strategic Policies",Apr-18,Jan-16,May-16,Apr-17,Jul-17
Harlow District Council,Nov-18,May-18,Oct-18,,
Harrogate Borough Council,Dec-10,Sep-07,Sep-07,Jan-09,Feb-09
Harrogate Borough Council,Sep-18,Jan-18,Aug-18,,
"Harrow, London Borough of",Mar-12,Apr-11,Jun-11,Dec-11,Feb-12
Hart District Council,Jul-18,Feb-18,Jun-18,,
Hartlepool Borough Council,Jul-18,Dec-16,Mar-17,Apr-18,May-18
Hastings Borough Council,Feb-14,May-12,Oct-12,Oct-13,Feb-14
Havant Borough Council,Mar-11,Mar-10,Jun-10,Dec-10,Mar-11
Havant Borough Council,Mar-19,Feb-19,,,
"Havering, London Borough of",Dec-10,Nov-06,Nov-06,Mar-08,Jul-08
"Havering, London Borough of",Apr-18,Aug-17,Mar-18,,
Herefordshire District Council,Nov-15,May-14,Sep-14,Sep-15,Oct-15
Hertsmere Borough Council,Feb-13,Nov-11,Feb-12,Dec-12,Jan-13
High Peak Borough Council,May-16,Apr-14,Aug-14,Mar-16,Apr-16
"Hillingdon, London Borough of",Nov-12,Feb-11,Oct-11,Jul-12,Nov-12
Hinckley and Bosworth Borough Council,Dec-10,Oct-08,Jan-09,Nov-09,Dec-09
Horsham District Council,Dec-10,Nov-05,Nov-05,Jan-07,Feb-07
Horsham District Council - Development Framework,Nov-15,May-14,Aug-14,Oct-15,Nov-15
"Hounslow, London Borough of",Oct-15,Mar-14,Aug-14,Jul-15,Sep-15
Huntingdonshire District Council,Dec-10,Jul-08,Jul-08,Jul-09,Sep-09
Huntingdonshire District Council,May-19,Dec-17,Mar-18,Apr-19,
Hyndburn Borough Council,Mar-12,Aug-10,May-11,Dec-11,Jan-12
Ipswich Borough Council,Mar-12,Oct-09,Mar-10,Nov-11,Dec-11
Ipswich Borough Council - Core Strategy & Policies,Mar-17,Dec-14,Dec-15,Jan-17,Feb-17
Isle of Wight Council,Mar-12,Apr-11,Jun-11,Dec-11,Mar-12
Isles of Scilly Council,Mar-19,Feb-19,,,
"Islington, London Borough of",Mar-11,Oct-09,Jun-10,Jan-11,Feb-11
"Kensington & Chelsea, Royal Borough of",Dec-10,Oct-09,Mar-10,Oct-10,Dec-10
"Kensington & Chelsea, Royal Borough of, Partial Review ",Jun-17,Feb-17,May-17,,
Kettering Borough Council,Dec-10,Feb-07,Feb-07,Apr-08,Jun-08
Kettering Borough Council - First review,Aug-16,Jan-15,Jul-15,Jun-16,Jul-16
Kings Lynn & West Norfolk Borough Council,Jul-11,Jan-10,Nov-10,May-11,Jul-11
Kingston upon Hull City Council,Jan-18,Jun-16,Dec-16,Oct-17,Nov-17
"Kingston Upon Thames, London Borough of",Dec-11,Jan-11,May-11,Dec-11,Apr-12
Kirklees Metropolitan Borough Council,Mar-19,Nov-16,Apr-17,Jan-19,Feb-19
Knowsley Metropolitan Borough Council,Jan-16,Nov-12,Jul-13,Nov-15,Jan-16
Lake District National Park,Dec-10,Sep-09,Jan-10,Sep-10,Oct-10
Lake District National Park,May-19,Apr-19,,,
"Lambeth, London Borough of",Jan-11,Nov-09,Mar-10,Dec-10,Jan-11
"Lambeth, London Borough of, Local Plan 2015",Mar-17,Nov-13,Mar-14,Aug-15,Sep-15
Lancaster City Council,Dec-10,May-07,May-07,Jun-08,Jul-08
Lancaster City Council - Strategic Policies & Land Allocation,Jun-18,Feb-18,May-18,,
Leeds City Council,Nov-14,Jan-13,Apr-13,Sep-14,Nov-14
Leeds City Council Selective Review,Sep-18,Feb-18,Aug-18,,
Leicester City Council,Dec-10,Sep-09,Dec-09,Aug-10,Nov-10
Leicester City Council - Fast Track Single Policy Review,Jun-14,Sep-12,Nov-13,Mar-14,Jun-14
Lewes District Council,Jun-16,May-14,Sep-14,Mar-16,May-16
"Lewisham, London Borough of",Jul-11,Feb-10,Oct-10,Mar-11,Jun-11
Lichfield District Council,Feb-15,Jul-12,Mar-13,Jan-15,Feb-15
Lincoln City Council,May-17,Apr-16,Jun-16,Apr-17,Apr-17
Liverpool City Council,Jun-18,Jan-18,May-18,,
London legacy Development Corporation,Aug-15,Aug-14,Nov-14,Jul-15,Jul-15
London legacy Development Corporation,Apr-19,Nov-18,Mar-19,,
Luton Borough Council,Dec-17,Oct-15,Apr-16,Aug-17,Nov-17
Maidstone Borough Council,Oct-17,Feb-16,May-16,Jul-17,Oct-17
Maldon District Council,Jul-17,Jan-14,Apr-14,Jul-17,Jul-17
Malvern Hills District Council,Mar-16,Jan-13,May-13,Feb-16,Feb-16
Manchester City Council,Jul-12,Feb-11,Jul-11,Mar-12,Jul-12
Mansfield District Council,Jan-19,Sep-18,Dec-18,,
Medway Council,Mar-12,,,,
Melton Borough Council,Nov-18,Nov-16,Oct-17,Sep-18,Oct-18
Mendip District Council,Jan-15,Nov-12,Dec-13,Oct-14,Dec-14
"Merton, London Borough of",Jul-11,Aug-10,Nov-10,Jun-11,Jul-11
Mid Devon District Council,Dec-10,Aug-06,Aug-06,May-07,Jul-07
Mid Devon District Council (review),Apr-17,Feb-15,Mar-17,,
Mid Suffolk District Council,Dec-10,Oct-07,Oct-07,Aug-08,Sep-08
Mid Suffolk District Council Focussed Review,Jan-13,Jan-12,Mar-12,Sep-12,Dec-12
Mid Sussex District Council,Apr-18,Jun-15,Aug-16,Mar-18,Mar-18
Middlesbrough Borough Council,Dec-10,May-07,May-07,Feb-08,Feb-08
Middlesbrough Borough Council - Housing Local Plan,Dec-14,Nov-13,Mar-14,Oct-14,Nov-14
Middlesbrough Borough Council,Dec-18,Nov-18,,,
Milton Keynes Council,Jul-13,Feb-10,Mar-11,May-13,Jul-13
Milton Keynes Council (Plan:MK),Apr-19,Nov-17,Mar-18,Feb-19,Mar-19
Mole Valley District Council,Dec-10,Nov-08,Feb-09,Jul-09,Oct-09
New Forest District Council,Dec-10,Nov-08,Feb-09,Sep-09,Oct-09
New Forest District Council,Dec-18,Jun-18,Nov-18,,
New Forest National Park Authority,Dec-10,Feb-10,May-10,Oct-10,Dec-10
New Forest National Park Authority,Jun-18,Jan-18,May-18,,
Newark and Sherwood District Council,Mar-11,Apr-10,Jul-10,Mar-11,Mar-11
Newark and Sherwood District Council Core Strategy Review,Apr-19,Jul-17,Sep-17,Feb-19,Mar-19
Newcastle under Lyme Borough Council,Dec-10,Aug-08,Dec-08,Jun-09,Oct-09
Newcastle Upon Tyne City Council,Apr-15,Sep-13,Feb-14,Feb-15,Mar-15
"Newham, London Borough of",Mar-12,Feb-11,Mar-11,Jan-12,Jan-12
"Newham, London Borough of (Local Plan Review)",Jan-19,Nov-17,Feb-18,Nov-18,Dec-18
North Devon District Council,Nov-18,Jun-14,Jun-16,Sep-18,Oct-18
North Dorset District Council,Feb-16,Nov-13,Dec-14,Dec-15,Jan-16
North East Derbyshire District Council,Jun-18,Feb-18,May-18,,
North East Lincolnshire Borough Council,Apr-18,Feb-16,Dec-16,Feb-18,Mar-18
North Hertfordshire District Council,Jun-17,Oct-16,Jun-17,,
North Kesteven District Council,May-17,Apr-16,Jun-16,Apr-17,Apr-17
North Lincolnshire Council,Jul-11,May-10,Aug-10,May-11,Jun-11
North Norfolk District Council,Dec-10,Jun-07,Jun-07,Jul-08,Sep-08
North Somerset Council,Mar-12,Feb-11,Jul-11,Mar-12,Apr-12
North Somerset Council - Core Strategy re-opened,Jun-17,NA,Jun-13,Mar-15,Sep-15
North Somerset Council - Consequential changes,Mar-17,NA,Jan-16,Nov-16,Jan-17
North Somerset Council (West of England JSP),May-18,Nov-17,Apr-18,,
North Tyneside Metropolitan Borough Council,Jul-17,Nov-15,Jun-16,May-17,Jul-17
North Warwickshire Borough Council,Oct-14,Nov-12,Feb-13,Sep-14,Oct-14
North Warwickshire Borough Council,Apr-18,Dec-17,Mar-18,,
North West Leicestershire District Council,Dec-17,Jul-16,Oct-16,Oct-17,Nov-17
North York Moors National Park,Dec-10,Jan-08,Jan-08,Oct-08,Nov-08
North York Moors National Park,May-19,Apr-19,,,
Northampton Borough Council,Jan-15,Feb-11,Dec-12,Oct-14,Dec-14
Northumberland Council,Feb-19,Jan-19,,,
Northumberland National Park,Dec-10,Jun-08,Jun-08,Feb-09,Mar-09
Norwich City Council,Mar-11,Nov-09,Mar-10,Feb-11,Mar-11
Norwich City Council (Revision),Nov-13,Aug-12,Feb-13,Nov-13,Jan-14
Nottingham City Council,Sep-14,Jun-12,Jun-13,Jul-14,Sep-14
Nuneaton and Bedworth Borough Council,May-19,Jan-17,Jun-17,Apr-19,
Oadby and Wigston Borough Council,Dec-10,Oct-09,Jan-10,Aug-10,Sep-10
Oadby and Wigston Borough Council (New Local Plan),May-19,Nov-17,Jan-18,Mar-19,Apr-19
Old Oak and Park Royal Development Corporation,Nov-18,Jun-18,Oct-18,,
Oldham Metropolitan Borough Council,Dec-11,Oct-10,Feb-11,Aug-11,Nov-11
Oxford City Council,Mar-11,Sep-08,Nov-08,Dec-10,Mar-11
Oxford City Council (2016-36 review),Apr-19,Nov-18,Mar-19,,
Peak National Park,Dec-11,Sep-10,Dec-10,Jul-11,Oct-11
Pendle Borough Council,Jan-16,Oct-14,Dec-14,Oct-15,Dec-15
Peterborough City Council,Mar-11,Jan-10,Apr-10,Dec-10,Feb-11
Peterborough City Council,May-19,Jan-18,Mar-18,Apr-19,
Plymouth City Council,Dec-10,Aug-06,Aug-06,Apr-07,Apr-07
"Plymouth City Council, Plymouth & South West Devon Plan",Apr-19,Mar-17,Jul-17,Mar-19,Mar-19
"Poole, Borough of",Dec-10,May-08,May-08,Jan-09,Feb-09
"Poole, Borough of",Dec-18,Jul-17,Nov-17,Oct-18,Nov-18
Portsmouth City Council,Mar-12,Apr-11,Jul-11,Jan-12,Jan-12
Preston Borough Council,Jul-12,Dec-10,Mar-11,Jun-12,Jul-12
Purbeck District Council,Nov-12,Nov-10,Jan-12,Oct-12,Nov-12
Purbeck District Council,Feb-19,Oct-18,Jan-19,,
Reading Borough Council,Dec-10,Jan-07,Jan-07,Dec-07,Jan-08
Reading Borough Council,Apr-18,Nov-17,Mar-18,,
"Redbridge, London Borough of",Dec-10,Jan-07,Jan-07,Feb-08,Mar-08
"Redbridge, London Borough of (Local Plan 2015-2030)",Apr-18,Jul-16,Mar-17,Jan-18,Mar-18
Redcar & Cleveland Borough Council,Dec-10,May-06,May-06,May-07,Jul-07
Redcar & Cleveland Borough Council,Jun-18,Dec-16,Apr-17,Mar-18,May-18
Redditch Borough Council,Feb-17,Sep-13,Mar-14,Dec-16,Jan-17
Reigate & Banstead District Council,Feb-14,Mar-12,May-12,Jan-14,Jul-14
Ribble Valley Borough Council,Jan-15,May-12,Sep-12,Nov-14,Dec-14
"Richmond Upon Thames, London Borough of",Dec-10,Mar-08,Mar-08,Feb-09,Apr-09
"Richmond Upon Thames, London Borough of",Aug-18,Jan-17,May-17,Apr-18,Jul-18
Richmondshire District Council,Jan-15,Aug-12,Feb-13,Oct-14,Dec-14
Rochdale Metropolitan Borough Council,Nov-16,Jan-13,May-13,Aug-16,Oct-16
Rochford District Council,Mar-12,Sep-09,Jan-10,Oct-11,Dec-11
Rossendale Borough Council,Dec-11,Sep-10,Dec-10,Oct-11,Nov-11
Rossendale Borough Council,May-19,Aug-18,Mar-19,,
Rother District Council,Oct-14,Aug-11,Jul-12,Jul-14,Sep-14
Rotherham Metropolitan Borough Council,Sep-14,Jun-12,Jun-13,Jun-14,Sep-14
Rugby Borough Council,Jul-11,Jul-09,Jan-10,May-11,Jun-11
Rugby Borough Council,Apr-19,Sep-16,Jul-17,Mar-19,
Runnymede Borough Council,Aug-18,May-18,Jul-18,,
Rushcliffe Borough Council,Jan-15,Mar-12,Oct-12,Dec-14,Dec-14
Rushmoor Borough Council,Dec-11,Nov-10,Mar-11,Sep-11,Oct-11
Rushmoor Borough Council,Mar-19,Jun-17,Feb-18,Jan-19,Feb-19
Rutland Council,Jul-11,Aug-10,Nov-10,May-11,Jul-11
Ryedale District Council,Sep-13,Jan-12,May-12,Aug-13,Sep-13
Salford Council,Jun-13,,,,
Sandwell Metropolitan Borough Council,Mar-11,Nov-09,Feb-10,Oct-10,Feb-11
Scarborough Borough Council,Jul-17,Nov-15,May-16,Feb-17,Jul-17
Sedgemoor District Council,Dec-11,Sep-10,Mar-11,Sep-11,Oct-11
Sedgemoor District Council - Local Plan,Mar-19,Jan-17,Aug-17,Jan-19,Feb-19
Sefton Metropolitan Borough Council,May-17,Jan-15,Aug-15,Mar-17,Apr-17
Selby District Council,Nov-13,Jan-11,May-11,Jun-13,Oct-13
Sevenoaks District Council,Mar-11,Feb-10,Jun-10,Jan-11,Feb-11
Sevenoaks District Council,May-19,Dec-18,Apr-19,,
Sheffield City Council,Dec-10,Sep-07,Sep-07,Feb-09,Mar-09
Shropshire Council,Mar-11,Feb-10,Jul-10,Feb-11,Feb-11
Slough Borough Council,Dec-10,Nov-07,Nov-07,Aug-08,Dec-08
Solihull Metropolitan Borough Council,Dec-13,Jan-12,Sep-12,Nov-13,Dec-13
South Buckinghamshire District Council,Mar-11,Mar-10,Jul-10,Jan-11,Feb-11
South Cambridgeshire District Council,Dec-10,Jan-06,Jan-06,Nov-06,Jan-07
South Cambridgeshire District Council - Local Plan,Oct-18,Jul-13,Mar-14,Aug-18,Sep-18
South Derbyshire District Council,Jul-16,Mar-14,Aug-14,May-16,Jun-16
South Downs National Park,May-18,Sep-17,Apr-18,,
South Gloucestershire Council,Dec-13,Jun-10,Mar-11,Nov-13,Dec-13
South Gloucestershire Council (West of England JSP),May-18,Nov-17,Apr-18,,
South Hams District Council,Dec-10,Jan-06,Jan-06,Nov-06,Dec-06
"South Hams District Council, Plymouth & SW Devon Plan",Apr-19,Mar-17,Jul-17,Mar-19,Mar-19
South Holland District Council (South East Lincs Local Plan),Apr-19,Apr-17,Jun-17,Jan-19,Mar-19
South Kesteven District Council,Dec-10,Jan-09,Aug-09,Jun-10,Jul-10
South Kesteven District Council,Feb-19,Jun-18,Jan-19,,
South Lakeland District Council,Dec-10,Aug-09,Nov-09,Aug-10,Oct-10
South Norfolk Council,Mar-11,Nov-09,Mar-10,Feb-11,Mar-11
South Norfolk Council (Revision),Nov-13,Aug-12,Feb-13,Nov-13,Jan-14
South Northamptonshire Council,Jan-15,Feb-11,Dec-12,Oct-14,Dec-14
South Oxfordshire District Council,Jan-13,Dec-10,Mar-11,Oct-12,Dec-12
South Oxfordshire District Council,Apr-19,Jan-19,Mar-19,,
South Ribble Borough Council,Jul-12,Dec-10,Mar-11,Jun-12,Jul-12
South Somerset District Council,Apr-15,Jun-12,Jan-13,Jan-15,Mar-15
South Staffordshire District Council,Dec-12,Mar-11,Sep-11,Oct-12,Dec-12
South Tyneside Metropolitan Borough Council,Dec-10,Mar-06,Mar-06,Apr-07,Jun-07
Southampton City Council,Dec-10,Dec-08,Mar-09,Oct-09,Jan-10
Southampton City Council (Partial review),Apr-15,Sep-13,Dec-13,Dec-14,Mar-15
Southend-on-Sea Borough Council,Dec-10,Aug-06,Aug-06,Oct-07,Dec-07
"Southwark, London Borough of",Jan-11,Jan-10,Mar-10,Feb-11,Apr-11
"Southwark, London Borough of - New Southwark Plan",Jan-18,Jan-18,,,
Spelthorne Borough Council,Dec-10,Jun-07,Jun-07,Dec-08,Feb-09
St Albans Council,Apr-19,Sep-18,Mar-19,,
St Edmundsbury Borough Council,Dec-10,Aug-09,Jan-10,Aug-10,Dec-10
St Helens Metropolitan Borough Council,Nov-12,Jan-11,May-11,Oct-12,Oct-12
St Helens Metropolitan Borough Council,Feb-19,Jan-19,,,
Stafford Borough Council,Jun-14,Jan-13,Aug-13,Jun-14,Jun-14
Staffordshire Moorlands District Council,Mar-14,Dec-11,Sep-12,Jan-14,Mar-14
Staffordshire Moorlands District Council,Jul-18,Feb-18,Jun-18,,
Stevenage Borough Council,Oct-17,Jan-16,Jul-16,Oct-17,
Stockport Metropolitan Borough Council,Mar-11,Jun-10,Aug-10,Feb-11,Mar-11
Stockton-on-Tees Borough Council,Dec-10,Oct-08,May-09,Feb-10,Mar-10
Stockton-on-Tees Borough Council ,Feb-19,Sep-17,Dec-17,Dec-18,Jan-19
Stoke on Trent City Council,Dec-10,Aug-08,Dec-08,Jun-09,Oct-09
Stratford on Avon District Council,Jul-16,Jun-14,Sep-14,Jun-16,Jul-16
Stroud District Council,Dec-15,Sep-13,Dec-13,Nov-15,Nov-15
Suffolk Coastal District Council,Jul-13,Jan-12,May-12,Jun-13,Jul-13
Suffolk Coastal District Council,Apr-19,Jan-19,Mar-19,,
Sunderland City Council,Jan-19,Jun-18,Dec-18,,
Surrey Heath Borough Council,Mar-12,Aug-10,Oct-10,Jan-12,Feb-12
"Sutton, London Borough of",Dec-10,Nov-08,Mar-09,Sep-09,Dec-09
"Sutton, London Borough of",Mar-18,Jan-17,Apr-17,Jan-18,Feb-18
Swale Borough Council,Sep-17,Dec-14,Apr-15,Jun-17,Jul-17
Swindon Borough Council,Apr-15,Dec-12,Jun-13,Feb-15,Mar-15
Tameside Metropolitan Borough Council,Dec-10,,,,
Tamworth Borough Council,Mar-16,Oct-14,Feb-15,Feb-16,Feb-16
Tandridge District Council,Dec-10,Dec-07,Jan-08,Sep-08,Oct-08
Tandridge District Council,Feb-19,Jul-18,Jan-19,,
Taunton Deane Borough Council,Sep-12,Jul-11,Nov-11,Jul-12,Sep-12
Teignbridge District Council,May-14,Nov-12,Jun-13,Apr-14,May-14
Telford and Wrekin Council,Dec-10,Oct-06,Oct-06,Nov-07,Dec-07
Telford and Wrekin Council ,Feb-18,Feb-16,Jun-16,Nov-17,Jan-18
Tendring District Council (Joint North Essex Local Plan part 1),Oct-17,Jun-17,Oct-17,,
Test Valley Borough Council,Feb-16,Jan-14,Jul-14,Dec-15,Jan-16
Tewkesbury Borough Council,Jan-18,Jun-14,Nov-14,Oct-17,Dec-17
Thanet District Council,Nov-18,Aug-18,Oct-18,,
Three Rivers District Council,Dec-11,Jun-10,Feb-11,Sep-11,Oct-11
Thurrock Council,Dec-11,Feb-10,Apr-10,Dec-11,Dec-11
Thurrock Council (Review),Feb-15,May-13,Jul-13,Oct-14,Jan-15
Tonbridge and Malling Borough Council,Dec-10,Aug-06,Aug-06,Aug-07,Sep-07
Tonbridge and Malling Borough Council,Feb-19,Oct-18,Jan-19,,
Torbay Council,Jan-16,Feb-14,Jul-14,Oct-15,Dec-15
Torridge District Council,Nov-18,Jun-14,Jun-16,Sep-18,Oct-18
"Tower Hamlets, London Borough of",Dec-10,Sep-09,Dec-09,Jul-10,Sep-10
"Tower Hamlets, London Borough of - Local Plan",Mar-18,Oct-17,Feb-18,,
Trafford Metropolitan Borough Council,Mar-12,Sep-10,Dec-10,Nov-11,Jan-12
Tunbridge Wells Borough Council,Dec-10,Apr-09,Aug-09,Apr-10,Jun-10
Uttlesford District Council,Feb-19,Jun-18,Jan-19,,
Vale of White Horse District Council,Jan-17,Nov-14,Mar-15,Nov-16,Dec-16
Wakefield Council,Dec-10,Jan-08,Jan-08,Mar-09,Apr-09
Walsall Metropolitan Borough Council,Mar-11,Nov-09,Feb-10,Oct-10,Feb-11
"Waltham Forest, London Borough of",Dec-11,Jan-11,May-11,Dec-11,Mar-12
"Wandsworth, London Borough of",Dec-10,Aug-08,Mar-09,Jun-10,Oct-10
"Wandsworth, London Borough of - Local Plan review",Apr-16,Oct-14,Mar-15,Dec-15,Mar-16
Warrington Borough Council,Jul-14,May-12,Sep-12,May-14,Jul-14
"Warrington Borough Council, Local Plan 2017-2037",May-19,Apr-19,,,
Warwick District Council,Sep-17,May-14,Jan-15,Jul-17,Sep-17
Watford Borough Council,Feb-13,May-11,Feb-12,Nov-12,Jan-13
Waveney District Council,Dec-10,Feb-08,Feb-08,Dec-08,Jan-09
Waveney District Council,Apr-19,Mar-18,Jun-18,Mar-19,Mar-19
Waverley Borough Council,Mar-18,Aug-16,Dec-16,Feb-18,Feb-18
Wealden District Council,Feb-13,Feb-11,Aug-11,Oct-12,Nov-12
Wealden District Council,Feb-19,Aug-18,Jan-19,,
Wellingborough Borough Council,Dec-10,Feb-07,Feb-07,Apr-08,Jun-08
Wellingborough Borough Council - first review,Aug-16,Jan-15,Jul-15,Jun-16,Jul-16
Welwyn Hatfield District Council,Jun-17,Aug-16,May-17,,
West Berkshire District Council,Jul-12,Apr-10,Jul-10,Jul-12,Jul-12
West Devon Borough Council,Mar-11,May-09,Jul-10,Mar-11,Apr-11
"West Devon Borough Council, Plymouth & SW Devon Plan",Apr-19,Mar-17,Jul-17,Mar-19,Mar-19
West Dorset District Council,Jan-16,Jun-12,Jun-13,Aug-15,Oct-15
West Lancashire District Council,Oct-13,Aug-12,Oct-12,Sep-13,Oct-13
West Lindsey District Council,May-17,Apr-16,Jun-16,Apr-17,Apr-17
West Oxfordshire District Council,Nov-18,Mar-15,Jul-15,Aug-18,Sep-18
West Somerset District Council,Dec-16,Feb-15,Jul-15,Sep-16,Nov-16
"Westminster, City of",Jan-11,Nov-09,Apr-10,Nov-10,Jan-11
"Westminster, City of (NPPF Revision)",Nov-13,Jul-12,Jan-13,Aug-13,Nov-13
Weymouth and Portland Borough Council,Jan-16,Jun-12,Jun-13,Aug-15,Oct-15
Wigan Metropolitan Borough Council,Aug-13,Feb-11,Sep-11,Aug-13,Sep-13
Wiltshire Council,Feb-15,Feb-12,Jul-12,Dec-14,Jan-15
Winchester City Council (inc South Downs NPA),Apr-13,Jan-12,Jun-12,Feb-13,Mar-13
"Windsor & Maidenhead, Royal Borough of",Feb-18,Jun-17,Jan-18,,
Wirral Metropolitan Borough Council,Jan-13,,,,
Woking Borough Council,Nov-12,Jul-11,Dec-11,Jul-12,Oct-12
Wokingham District Council,Dec-10,Aug-08,Aug-08,Oct-09,Jan-10
Wolverhampton City Council,Mar-11,Nov-09,Feb-10,Oct-10,Feb-11
Worcester City Council,Mar-16,Jan-13,May-13,Feb-16,Feb-16
Worthing Borough Council,Mar-11,Apr-10,Jul-10,Mar-11,Apr-11
Wychavon District Council,Mar-16,Jan-13,May-13,Feb-16,Feb-16
Wycombe District Council,Dec-10,Apr-06,Apr-06,May-08,Jul-08
Wycombe District Council,Apr-18,Oct-17,Mar-18,,
Wyre Borough Council,Mar-19,Sep-17,Jan-18,Feb-19,Feb-19
Wyre Forest District Council,Dec-10,Jan-10,Apr-10,Oct-10,Dec-10
Wyre Forest District Council - Local plan Review,Nov-18,Nov-18,,,
York City Council,Jun-18,Feb-18,May-18,,
Yorkshire Dales National Park,Jan-17,Jul-15,Jan-16,Dec-16,Dec-16
